1,Lochefort_10,ROCHEFORT 10,ロシュフォール10
1,Orval,ORVAL,オルヴァル
2,Cantillon_Kriek,CANTILLON KRIEK,カンティヨン・クリーク
5,Lodenbach_GrandCru,LODENBACH GRAND CRU,ローデンバッハ　グラン　クリュ
2,Boon_Framboise,BOON FRAMBOISE,ブーン　フランボワーズ
1,Achel,ACHEL,アヘル
1,Westmalle_Double,WESTMALLE DOUBLE,ウェストマール・ダブル
3,Saison_Dupont,SAISON DUPONT,セゾン　デュポン
1,Lochefort_6,ROCHEFORT 6,ロシュフォール6
2,Cantillon_Gueuze,CANTILLON GUEUZE,カンティヨン　グース
1,Leffe_Brown,LEFFE BROWN,レフ・ブラウン
4,Pink_Killer,PINK KILLER,ピンク・キラー
1,Westvleteren,WESTVLETEREN,ウエストフレテレン
5,De_Koninck,DE KONINCK,デ・コーニンク
5,Chapeau_Winter_Geueze,CHAPEAU WINTER GUEUZE,シャポー・ウインターグース
6,St_Idesbald_Blond,St.IDESBALD BLOND,セント・イデスバルド・ブロンド
6,Biere_Du_Corsaire,BIERE DU CORSAIRE,コルサイア
7,Duvel,DUVEL,デュベル
7,La_Guillotine,LA GUILLOTINE,ギロチン
7,Wit_Goud,WIT GOUD,ヴィットハウト
7,Keizer_Karel_Ruby_Red,KEIZER KAREL Rouge Rubis,ケイゼル・カール
7,Satan_Red,SATAN RED,サタン・レッド
4,Timmemans_Kriek,TIMMERMANS KRIEK,ティママン・クリーク
7,Pauwel_Kwak,PAUWEL KWAK,パウエル　クワック
